NB NICKY BOY,219,Nikky Men Printed Round Neck Cotton Blend Yellow T-Shir...
Roadster,472,Men Printed V Neck Pure Cotton Blue T-Shirt
sti,189,Men Printed Round Neck Polyester Grey T-Shirt
VeBNoR,259,Men Printed Round Neck Polyester Grey T-Shirt
VeBNoR,259,Men Self Design Polo Neck Cotton Blend Pink T-Shirt
3BROS,299,Men Self Design Round Neck Polyester Black T-Shirt
KYK,299,Men Colorblock Polo Neck Pure Cotton Black T-Shirt
Roadster,473,Men Self Design Polo Neck Cotton Blend Light Blue T-Shi...
3BROS,299,Men Printed Round Neck Polyester Multicolor T-Shirt
sti,209,Men Solid Round Neck Pure Cotton White T-Shirt
Roadster,270,Men Checkered Hooded Neck Cotton Blend White T-Shirt
KAEZRI,299,Men Solid Polo Neck Cotton Blend (220 gsm) Maroon T-Shi...
EyeBogler,299,Pack of 4 Men Solid Round Neck Polyester Silver  Blue  ...
3BROS,339,Men Printed Henley Neck Cotton Blend Black T-Shirt
FTX,429,Pack of 2 Men Printed Round Neck Polyester Pink  Dark G...
VeBNoR,279,Men Printed Round Neck Polyester Green T-Shirt
FIONAA TRENDZ,293,Men Printed Round Neck Pure Cotton Black T-Shirt
Roadster,450,Men Solid Polo Neck Pure Cotton Black T-Shirt
KAJARU,349,Men Printed  Typography Round Neck Pure Cotton Black T-...
VeBNoR,259,Men Self Design Polo Neck Cotton Blend Pink T-Shirt
Kook N Keech,495,Men Printed Round Neck Polyester Grey T-Shirt
Polo Plus,409,Men Printed Round Neck Cotton Blend Black T-Shirt
UrGear,249,Men Solid Round Neck Pure Cotton White T-Shirt
KAJARU,349,Men Printed Round Neck Polyester Green T-Shirt
3BROS,299,Men Solid Polo Neck Polyester Dark Blue T-Shirt
VeBNoR,259,Men Graphic Print Round Neck Cotton Blend Black T-Shirt
RS Print,299,Men Printed Round Neck Pure Cotton Maroon T-Shirt
KAEZRI,299,Men Self Design Polo Neck Cotton Blend Grey T-Shirt
VeBNoR,259,Men Solid V Neck Cotton Blend Maroon T-Shirt
VeBNoR,265,Men Printed  Typography Round Neck Cotton Blend Black T...
THALASI,399,Men Printed Round Neck Cotton Blend Red  Black T-Shirt
Roadster,784,Pack of 2 TQH Solid Men Round Neck Sleeveless Black  Li...
Roadster,273,Men Printed  Graphic Print  Typography Round Neck Cotto...
3BROS,299,
Roadster,180,
Smartees,219,
E-MAX,367,
HERE&NOW,450,
TQH,279,
Roadster,354,
NB NICKY BOY,349,Pack of 2 Men Printed Round Neck Cotton Blend Red  Ligh...
KYK,299,Men Solid Round Neck Polyester Black T-Shirt
3BROS,299,Men Self Design Polo Neck Cotton Blend Grey T-Shirt
VeBNoR,259,Men Printed Round Neck Polyester Maroon T-Shirt
dhaari by unique creation,294,Men Printed Mandarin Collar Polyester Navy Blue T-Shirt
Veirdo,399,Oversize Men Tie & Dye Round Neck Pure Cotton Multicolo...
FTX,429,Pack of 4 Men Solid Round Neck Polyester Silver  Light ...
E-MAX,255,Men Typography Round Neck Cotton Blend White T-Shirt
EyeBogler,272,Eyebogler Loose fit Hooded Mens T-shirt Men Printed Hoo...
VeBNoR,269,Men Solid Polo Neck Polyester Maroon T-Shirt
Roadster,325,Men Solid Mandarin Collar Cotton Blend Red T-Shirt
KYK,299,Men Self Design Round Neck Polyester Dark Blue T-Shirt
AUSK,219,Men Striped Round Neck Cotton Blend Maroon  White T-Shi...
AUSK,219,Men Colorblock Round Neck Cotton Blend Maroon  Black T-...
KAJARU,349,Pack of 2 Men Printed Round Neck Polyester Blue  Dark G...
VeBNoR,259,Men Printed Round Neck Polyester Multicolor T-Shirt
Roadster,272,Men Solid Round Neck Cotton Blend Green T-Shirt
FuaarK,1199,Men Solid Round Neck Polyester Navy Blue T-Shirt
INKKR,269,Men Solid Polo Neck Cotton Blend White T-Shirt
London Hills,249,Men Solid Round Neck Cotton Blend Black T-Shirt
PETER ENGLAND,692,Men Solid Polo Neck Poly Cotton Black T-Shirt
E-MAX,300,Men Printed  Typography Round Neck Cotton Blend Light B...
UrGear,249,Men Printed  Typography Round Neck Pure Cotton Blue T-S...
AUSK,219,Men Striped Round Neck Cotton Blend Pink  White T-Shirt
UrGear,249,Men Printed  Typography Round Neck Pure Cotton Grey T-S...
KAJARU,239,Men Printed Round Neck Poly Cotton Dark Green T-Shirt
NAUTICA,1296,Men Striped Polo Neck Pure Cotton Green T-Shirt
Fleximaa,869,Pack of 4 mens round neck Men Solid Round Neck Cotton B...
FIONAA TRENDZ,280,Men Colorblock Round Neck Cotton Blend White  Pink T-Sh...
EyeBogler,279,Men Colorblock High Neck Cotton Blend Grey  Black T-Shi...
KYK,299,Gym Workout Mens T-Shirt Sports Wear  Men's Compression...
HERE&NOW,366,Men Solid Round Neck Pure Cotton Dark Green T-Shirt
NB NICKY BOY,219,Nikky Men Printed Round Neck Cotton Blend Black T-Shirt
AUSK,229,Men Colorblock Round Neck Cotton Blend White  Blue  Gre...
EyeBogler,299,Men Checkered Hooded Neck Cotton Blend Red T-Shirt
UrGear,279,Men Typography Round Neck Cotton Blend Black T-Shirt
WROGN,585,Men Printed Polo Neck Cotton Blend Dark Blue T-Shirt
Roadster,390,Men Solid Polo Neck Cotton Blend Dark Blue  Grey T-Shir...
EyeBogler,272,Men Printed Hooded Neck Cotton Blend Black T-Shirt
EyeBogler,349,Pack of 2 Men Solid Round Neck Polyester Grey  Black T-...
TOMMY HILFIGER,1763,Men Solid Polo Neck Cotton Blend Green T-Shirt
E-MAX,300,Men Typography Round Neck Cotton Blend Black T-Shirt
EyeBogler,275,Men Striped Polo Neck Cotton Blend White  Green  Blue T...
VeBNoR,259,Men Printed Round Neck Polyester Dark Blue T-Shirt
VeBNoR,279,Men Checkered Polo Neck Polyester Pink T-Shirt
VeBNoR,399,Pack of 4 Men Solid Round Neck Polyester Black  Blue  G...
FuaarK,1199,Men Solid Henley Neck Polyester Black T-Shirt
WROGN ACTIVE,450,Men Printed Round Neck Cotton Blend Black T-Shirt
NB NICKY BOY,219,Men Self Design Round Neck Polyester Black T-Shirt
KYK,299,Men Solid Mandarin Collar Pure Cotton Dark Green T-Shir...
Urbano Plus,599,Men Striped Polo Neck Cotton Blend Dark Blue  Light Blu...
FuaarK,1049,Men Printed  Typography Round Neck Pure Cotton Orange T...
AUSK,299,Pack of 5 Round_5_05_XL Men Solid Round Neck Polyester ...
UrGear,249,Pack of 4 Men Solid Round Neck Polyester Multicolor T-S...
InkTees,349,Men Printed Round Neck Cotton Blend Dark Blue T-Shirt
FTX,429,Men Solid Polo Neck Pure Cotton Yellow T-Shirt
DUCATI,455,Men Printed  Typography Round Neck Pure Cotton Green T-...
Roadster,550,Men Printed Round Neck Cotton Blend Black T-Shirt
UrGear,249,Men Colorblock Round Neck Cotton Blend White T-Shirt
Smartees,149,Men Printed Round Neck Cotton Blend Blue T-Shirt
DUCATI,499,Men Striped Round Neck Cotton Blend White  Blue T-Shirt
Scrambler Ducati,398,Men Typography  Colorblock Round Neck Polyester Grey T-...
AUSK,219,Men Checkered Hooded Neck Cotton Blend Blue T-Shirt
E-MAX,394,Men Typography Hooded Neck Cotton Blend Black T-Shirt
EyeBogler,313,Men Printed Round Neck Cotton Blend Dark Blue T-Shirt
EyeBogler,299,Men Printed  Typography Round Neck Pure Cotton Dark Blu...
DUCATI,436,Men Printed  Typography Round Neck Pure Cotton Light Gr...
E-MAX,385,Men Typography Round Neck Polyester Black T-Shirt
UrGear,249,Men Colorblock Polo Neck Cotton Blend Blue T-Shirt
UrGear,249,Men Printed  Typography Round Neck Cotton Blend Grey T-...
HRX by Hrithik Roshan,423,Men Solid Polo Neck Polyester Light Green T-Shirt
KILLER,569,Men Solid Henley Neck Cotton Blend Black T-Shirt
EyeBogler,255,Men Colorblock Polo Neck Poly Cotton Dark Green T-Shirt
VeBNoR,269,Men Printed Round Neck Cotton Blend White T-Shirt
TRIPR,229,Men Solid Round Neck Pure Cotton White T-Shirt
dyrectdeals,348,Men Printed Round Neck Pure Cotton Black T-Shirt
Scrambler Ducati,398,
Zulements,284,
JUGULAR,279,
teky,271,
