KAJARU,349,Pack of 2 Men Printed Round Neck Polyester Green  Pink ...
KAJARU,349,Men Printed Round Neck Polyester Grey T-Shirt
sti,189,Men Printed Round Neck Polyester Grey T-Shirt
VeBNoR,259,Men Self Design Polo Neck Cotton Blend Pink T-Shirt
VeBNoR,259,TSRT-03-OLIVEGREEN Men Printed Round Neck Polyester Gre...
3BROS,299,Pack of 4 Men Colorblock Round Neck Polyester Multicolo...
KAJARU,225,Men Self Design Polo Neck Cotton Blend Light Blue T-Shi...
Dam,479,Men Printed Round Neck Polyester Multicolor T-Shirt
3BROS,299,Pack of 5 Men Solid Round Neck Polyester Blue T-Shirt
sti,209,Men Striped Round Neck Poly Cotton Maroon T-Shirt
Newsingh,429,Men Checkered Hooded Neck Cotton Blend White T-Shirt
FIONAA TRENDZ,266,Men Solid Polo Neck Cotton Blend (220 gsm) Maroon T-Shi...
EyeBogler,299,Pack of 4 Men Solid Round Neck Polyester Silver  Blue  ...
VeBNoR,279,Solid Men Polo Neck Cotton Blend Pink T-Shirt
3BROS,339,Men Colorblock Hooded Neck Cotton Blend Dark Blue  Whit...
FTX,429,Pack of 2 Men Graphic Print Round Neck Cotton Blend Bla...
METRONAUT By Flipkart,394,Men Printed Round Neck Polyester Green T-Shirt
Black Collection,410,Men Printed V Neck Pure Cotton Blue T-Shirt
MAYUR CLOTHING,339,Men Self Design Round Neck Polyester Black T-Shirt
VeBNoR,259,Men Printed  Typography Round Neck Pure Cotton Black T-...
Roadster,472,Pack of 2 Men Printed Round Neck Polyester Pink  Dark G...
KYK,299,Men Solid Polo Neck Polyester Dark Blue T-Shirt
UrGear,249,Men Printed Round Neck Polyester Grey T-Shirt
KAJARU,349,Pack of 4 Men Colorblock Round Neck Polyester Multicolo...
VeBNoR,265,Men Solid Polo Neck Cotton Blend Red T-Shirt
VeBNoR,259,Men Printed  Graphic Print  Typography Round Neck Cotto...
Dam,479,Men Printed Round Neck Polyester Green T-Shirt
Black Collection,399,Men Colorblock Polo Neck Pure Cotton Black T-Shirt
Roadster,354,Men Printed Round Neck Polyester Blue T-Shirt
VeBNoR,259,Men Self Design Polo Neck Cotton Blend Pink T-Shirt
Roadster,473,Men Printed Round Neck Pure Cotton Maroon T-Shirt
We Perfect,329,Men Solid V Neck Cotton Blend Maroon T-Shirt
VeBNoR,259,Men Printed Polo Neck Cotton Blend Green T-Shirt
3BROS,299,Pack of 2 TQH Solid Men Round Neck Sleeveless Black  Li...
Roadster,273,Men Printed  Typography Round Neck Cotton Blend Black T...
Roadster,180,
Roadster,270,
We Perfect,329,
TQH,279,
Smartees,219,
Gentino,359,Men Printed Round Neck Pure Cotton Dark Blue T-Shirt
Roadster,434,Men Printed  Typography Round Neck Cotton Blend Black T...
Smartees,219,Men Printed Mandarin Collar Polyester Navy Blue T-Shirt
dhaari by unique creation,294,Oversize Men Tie & Dye Round Neck Pure Cotton Multicolo...
Veirdo,399,Men Self Design Polo Neck Cotton Blend Grey T-Shirt
3BROS,299,Men Striped Round Neck Cotton Blend Maroon  White T-Shi...
Roadster,340,Men Printed Round Neck Polyester Maroon T-Shirt
Roadster,530,Men Printed Round Neck Polyester Green T-Shirt
AUSK,219,Men Striped Polo Neck Pure Cotton Black T-Shirt
VeBNoR,259,Eyebogler Loose fit Hooded Mens T-shirt Men Printed Hoo...
HRX by Hrithik Roshan,432,Pack of 2 Men Printed Round Neck Polyester Blue  Dark G...
Roadster,492,Men Printed Round Neck Polyester Multicolor T-Shirt
EyeBogler,272,Men Solid Polo Neck Polyester Maroon T-Shirt
KAJARU,349,Men Colorblock Polo Neck Cotton Blend White T-Shirt
VeBNoR,259,Men Printed Polo Neck Pure Cotton Light Blue T-Shirt
VeBNoR,269,Men Colorblock Round Neck Cotton Blend Maroon  Black T-...
KILLER,990,Men Solid Round Neck Cotton Blend Black T-Shirt
Roadster,658,Men Solid Polo Neck Pure Cotton Dark Blue T-Shirt
AUSK,219,Men Solid Round Neck Polyester Black T-Shirt
London Hills,249,Men Solid Polo Neck Cotton Blend White T-Shirt
Roadster,460,Men Typography Round Neck Cotton Blend Black T-Shirt
KYK,299,Men Colorblock Round Neck Cotton Blend White  Pink T-Sh...
INKKR,269,Men Striped Round Neck Cotton Blend Pink  White T-Shirt
UrGear,279,Men Solid Round Neck Polyester Dark Blue T-Shirt
FIONAA TRENDZ,280,Men Striped Polo Neck Pure Cotton Dark Blue T-Shirt
AUSK,219,Men Colorblock High Neck Cotton Blend Grey  Black T-Shi...
KYK,299,Pack of 2 Men Solid Round Neck Polyester Grey  Black T-...
Roadster,630,Men Solid Polo Neck Cotton Blend Yellow T-Shirt
EyeBogler,279,Men Colorblock Round Neck Cotton Blend White  Blue  Gre...
EyeBogler,349,Men Printed  Typography Round Neck Pure Cotton Blue T-S...
Roadster,340,Men Printed  Typography Round Neck Pure Cotton Grey T-S...
FuaarK,893,Men Striped Polo Neck Cotton Blend White  Green  Blue T...
AUSK,229,Men Solid Polo Neck Pure Cotton Yellow T-Shirt
UrGear,249,Men Printed  Typography Round Neck Pure Cotton Orange T...
UrGear,249,Men Printed Round Neck Polyester Dark Blue T-Shirt
EyeBogler,275,
Roadster,598,
HRX by Hrithik Roshan,360,
UrGear,249,
VeBNoR,259,
Damensch,799,Men Solid Round Neck Cotton Blend Green T-Shirt
DUCATI,360,Men Printed Round Neck Cotton Blend Dark Blue T-Shirt
NB NICKY BOY,219,Nikky Men Printed Round Neck Cotton Blend Black T-Shirt
AUSK,219,Men Striped Round Neck Cotton Blend White  Blue T-Shirt
EyeBogler,272,Men Printed Hooded Neck Cotton Blend Black T-Shirt
KAJARU,239,Men Printed Round Neck Poly Cotton Dark Green T-Shirt
HRX by Hrithik Roshan,360,Men Printed  Typography Round Neck Polyester Black T-Sh...
WROGN,612,Men Graphic Print V Neck Pure Cotton Blue T-Shirt
EyeBogler,299,Men Checkered Hooded Neck Cotton Blend Red T-Shirt
AUSK,299,Men Striped Polo Neck Cotton Blend Dark Blue  Light Blu...
PETER ENGLAND,818,Men Solid Polo Neck Poly Cotton Light Blue T-Shirt
Scrambler Ducati,398,Men Printed Round Neck Cotton Blend Red T-Shirt
UrGear,249,Men Printed  Typography Round Neck Pure Cotton Green T-...
EyeBogler,299,Men Typography Hooded Neck Cotton Blend Black T-Shirt
KYK,299,Men Self Design Round Neck Polyester Black T-Shirt
InkTees,349,Pack of 5 Round_5_05_XL Men Solid Round Neck Polyester ...
WROGN,540,Men Solid Round Neck Pure Cotton Grey T-Shirt
Allen Solly,824,Men Solid Polo Neck Cotton Blend Blue T-Shirt
VeBNoR,399,Pack of 4 Men Solid Round Neck Polyester Black  Blue  G...
VeBNoR,279,Men Checkered Polo Neck Polyester Pink T-Shirt
PETER ENGLAND,881,Men Striped Polo Neck Polyester Red T-Shirt
Allen Solly,714,Men Solid Polo Neck Cotton Blend Blue T-Shirt
NB NICKY BOY,219,Men Printed Round Neck Cotton Blend Black T-Shirt
E-MAX,394,Men Typography  Colorblock Round Neck Polyester Grey T-...
FTX,429,Pack of 4 Men Solid Round Neck Polyester Multicolor T-S...
UrGear,249,Men Printed  Typography Round Neck Pure Cotton Dark Blu...
Damensch,567,Men Solid Round Neck Cotton Blend Dark Blue T-Shirt
Allen Solly,714,Men Solid Polo Neck Cotton Blend Blue T-Shirt
TRIPR,229,Men Solid Henley Neck Cotton Blend Black T-Shirt
UrGear,249,Men Printed  Typography Round Neck Pure Cotton Light Gr...
HRX by Hrithik Roshan,405,Men Self Design Round Neck Poly Cotton Grey T-Shirt
Urbano Plus,899,Men Solid Polo Neck Cotton Blend Black T-Shirt
EyeBogler,255,Men Printed  Typography Round Neck Cotton Blend Grey T-...
Smartees,188,Men Printed Round Neck Cotton Blend Black T-Shirt
EyeBogler,313,Men Checkered Hooded Neck Cotton Blend Blue T-Shirt
VeBNoR,269,Men Solid Polo Neck Polyester Light Green T-Shirt
Allen Solly,719,Men Colorblock Polo Neck Cotton Blend Green T-Shirt
Damensch,524,Men Solid Round Neck Cotton Blend Navy Blue T-Shirt
JUGULAR,279,Men Printed Round Neck Pure Cotton Black T-Shirt
VeBNoR,259,Men Printed Round Neck Polyester Beige T-Shirt
